Title,URL
smartbench_0001,https://www.youtube.com/watch?v=fVVAeFISp2c
smartbench_0002,https://www.youtube.com/watch?v=ayzKVfJX5Wg
smartbench_0003,https://www.youtube.com/watch?v=TJ3OahLUahw
smartbench_0004,https://www.youtube.com/watch?v=k9si1UG8uLc
smartbench_0005,https://www.youtube.com/watch?v=l5NFMDdYbM0
smartbench_0006,https://www.youtube.com/watch?v=U9qHetMzD4s
smartbench_0007,https://www.youtube.com/watch?v=GfNH24LsSh8
smartbench_0008,https://www.youtube.com/watch?v=bIyAGCc3RD8
smartbench_0009,https://www.youtube.com/watch?v=Ym9pPECNQyY
smartbench_0010,https://www.youtube.com/watch?v=QNbsdpgb2YI
smartbench_0011,https://www.youtube.com/watch?v=sZ9ij4A0REg
smartbench_0012,https://www.youtube.com/watch?v=gI4oK4azztc
smartbench_0013,https://www.youtube.com/watch?v=deamYHz7Sno
smartbench_0014,https://www.youtube.com/watch?v=kAK6qLCbZ4k
smartbench_0015,https://www.youtube.com/watch?v=bUbXnWYDjmA
smartbench_0016,https://www.youtube.com/watch?v=ufjOxeZ-FNw
smartbench_0017,https://www.youtube.com/watch?v=sr1VLgBYMNs
smartbench_0018,https://www.youtube.com/watch?v=Ep3sf3jD8E8
smartbench_0019,https://www.youtube.com/watch?v=b92shV0BbhM
smartbench_0020,https://www.youtube.com/watch?v=LINEK1p4-1U
smartbench_0021,https://www.youtube.com/watch?v=QVGxK7X2mUo
smartbench_0022,https://www.youtube.com/watch?v=iF3N61nr6JA
smartbench_0023,https://www.youtube.com/watch?v=_zLhytipIQU
smartbench_0024,https://www.youtube.com/watch?v=bBgevdp5DKM
smartbench_0025,https://www.youtube.com/watch?v=TNDtycEzUYo
smartbench_0026,https://www.youtube.com/watch?v=XXrIIU-Org0
smartbench_0027,https://www.youtube.com/watch?v=Xlp3FZyYuK8
smartbench_0028,https://www.youtube.com/watch?v=GqWCH3AcRII
smartbench_0029,https://www.youtube.com/watch?v=jX7wSFVuStI
smartbench_0030,https://www.youtube.com/watch?v=YhSSxNNkeL0
smartbench_0031,https://www.youtube.com/watch?v=Z__Wg1fMXMA
smartbench_0032,https://www.youtube.com/watch?v=jFNyxIdqD1o
smartbench_0033,https://www.youtube.com/watch?v=z-TMWr0axSo
smartbench_0034,https://www.youtube.com/watch?v=_yp-l9ywvPU
smartbench_0035,https://www.youtube.com/watch?v=3XBBQlR21rY
smartbench_0036,https://www.youtube.com/watch?v=c4BiMNV5dME
smartbench_0037,https://www.youtube.com/watch?v=dZU47xjMPfc
smartbench_0038,https://www.youtube.com/watch?v=1OsGAAGe6CA
smartbench_0039,https://www.youtube.com/watch?v=L7s4QL9fozo
smartbench_0040,https://www.youtube.com/watch?v=UuDW7Zvm5Gg
smartbench_0041,https://www.youtube.com/watch?v=P7UGtwg7C4I
smartbench_0042,https://www.youtube.com/watch?v=Mh1EgnB1DmQ
smartbench_0043,https://www.youtube.com/watch?v=IUW21JpYPPE
smartbench_0044,https://www.youtube.com/watch?v=Q_0WEIZVc28
smartbench_0045,https://www.youtube.com/watch?v=7IwZMmTWoKM
smartbench_0046,https://www.youtube.com/watch?v=LLxrNx-Wkq4
smartbench_0047,https://www.youtube.com/watch?v=yb9pu5uickk
smartbench_0048,https://www.youtube.com/watch?v=tyBhNSRzOGI
smartbench_0049,https://www.youtube.com/watch?v=anH1uE2j7Qw
smartbench_0050,https://www.youtube.com/watch?v=whDxqUY7Pok
smartbench_0051,https://www.youtube.com/watch?v=rGP9bXOrMZU
smartbench_0052,https://www.youtube.com/watch?v=Y8ghImmBjlM
smartbench_0053,https://www.youtube.com/watch?v=jsuqBMVeyeo
smartbench_0054,https://www.youtube.com/watch?v=E-KX42Baw18
smartbench_0055,https://www.youtube.com/watch?v=Fgq6XQUEK4I
smartbench_0056,https://www.youtube.com/watch?v=-k64PIAB3Hw
smartbench_0057,https://www.youtube.com/watch?v=YSlCea9IOt8
smartbench_0058,https://www.youtube.com/watch?v=TnjOgP6IvU8
smartbench_0059,https://www.youtube.com/watch?v=pPsjT_lvATQ
smartbench_0060,https://www.youtube.com/watch?v=ogx7uoRRpNo
smartbench_0061,https://www.youtube.com/watch?v=XuzHCZdubJE
smartbench_0062,https://www.youtube.com/watch?v=mBMPOdZYdb0
smartbench_0063,https://www.youtube.com/watch?v=BnD3b20QZDQ
smartbench_0064,https://www.youtube.com/watch?v=bXHsotibxNE
smartbench_0065,https://www.youtube.com/watch?v=ewRg_VpmtRI
smartbench_0066,https://www.youtube.com/watch?v=TKxo96PRJqc
smartbench_0067,https://www.youtube.com/watch?v=knIyxSHUhnQ
smartbench_0068,https://www.youtube.com/watch?v=MamIX1zJMM4
smartbench_0069,https://www.youtube.com/watch?v=0o6LGpxRhT8
smartbench_0070,https://www.youtube.com/watch?v=pOA51YSNlds
smartbench_0071,https://www.youtube.com/watch?v=y3O0eItyxDc
smartbench_0072,https://www.youtube.com/watch?v=OE0XSgcYjcA
smartbench_0073,https://www.youtube.com/watch?v=E1hMlQ7BfIY
smartbench_0074,https://www.youtube.com/watch?v=KCJIYmTAfbE
smartbench_0075,https://www.youtube.com/watch?v=rciG71B8ZAE
smartbench_0076,https://www.youtube.com/watch?v=aUSL6EIsokU
smartbench_0077,https://www.youtube.com/watch?v=e0W_MoBxipc
smartbench_0078,https://www.youtube.com/watch?v=gwXn5FBTjHI
smartbench_0079,https://www.youtube.com/watch?v=6XyF-2HoNk4
smartbench_0080,https://www.youtube.com/watch?v=F-tTVuQTURo
smartbench_0081,https://www.youtube.com/watch?v=3AwEol8eZ0M
smartbench_0082,https://www.youtube.com/watch?v=rMXwWGEYe7U
smartbench_0083,https://www.youtube.com/watch?v=yT7qfBXOGLw
smartbench_0084,https://www.youtube.com/watch?v=n0VbDHoDEGU
smartbench_0085,https://www.youtube.com/watch?v=BiE85wTQvpE
smartbench_0086,https://www.youtube.com/watch?v=q-tZHj8mzHw
smartbench_0087,https://www.youtube.com/watch?v=NgenUJv57AI
smartbench_0088,https://www.youtube.com/watch?v=_Qv9PIWB0-Q
smartbench_0089,https://www.youtube.com/watch?v=MYlIAM0ECng
smartbench_0090,https://www.youtube.com/watch?v=_G0pwpBn8Ws
smartbench_0091,https://www.youtube.com/watch?v=Lm0ccmRfexs
smartbench_0092,https://www.youtube.com/watch?v=hUREkhu6Q1w
smartbench_0093,https://www.youtube.com/watch?v=zLZHawW78OY
smartbench_0094,https://www.youtube.com/watch?v=ArFLLlLjfXw
smartbench_0095,https://www.youtube.com/watch?v=wnALnvxPSdY
smartbench_0096,https://www.youtube.com/watch?v=IwAu3RBKIXE
smartbench_0097,https://www.youtube.com/watch?v=Eq4pC2kvtg0
smartbench_0098,https://www.youtube.com/watch?v=z3zyZKhvVsg
smartbench_0099,https://www.youtube.com/watch?v=IL2iy9y_2d8
smartbench_0100,https://www.youtube.com/watch?v=vP_TtmwnK2Q
smartbench_0101,https://www.youtube.com/watch?v=s9hvzyPGJq4
smartbench_0102,https://www.youtube.com/watch?v=a5U4pS_tWDQ
smartbench_0103,https://www.youtube.com/watch?v=vvOz-pBhHrk
smartbench_0104,https://www.youtube.com/watch?v=K1XboNmDNh4
smartbench_0105,https://www.youtube.com/watch?v=5XmEmThjKY4
smartbench_0106,https://www.youtube.com/watch?v=oqxwnt0LJk8
smartbench_0107,https://www.youtube.com/watch?v=a4f4ZbqfQgA
smartbench_0108,https://www.youtube.com/watch?v=iQpIZVAOgjk
smartbench_0109,https://www.youtube.com/watch?v=pHVflpgjpgc
smartbench_0110,https://www.youtube.com/watch?v=7UGvUqBT0IA
smartbench_0111,https://www.youtube.com/watch?v=yvhDSHHIrWA
smartbench_0112,https://www.youtube.com/watch?v=Rc2Wx9hRgjE
smartbench_0113,https://www.youtube.com/watch?v=E5yGGOLrVYo
smartbench_0114,https://www.youtube.com/watch?v=2ujL72gmOTM
smartbench_0115,https://www.youtube.com/watch?v=cbf97AXrUgM
smartbench_0116,https://www.youtube.com/watch?v=iZHbTmiFY-g
smartbench_0117,https://www.youtube.com/watch?v=Q0P47dr2iyM
smartbench_0118,https://www.youtube.com/watch?v=QB95N9caft8
smartbench_0119,https://www.youtube.com/watch?v=MMYB5w2CKDo
smartbench_0120,https://www.youtube.com/watch?v=AogdQPzj0V4
smartbench_0121,https://www.youtube.com/watch?v=-J-HwaU_BOo
smartbench_0122,https://www.youtube.com/watch?v=4YpxB2IwmO0
smartbench_0123,https://www.youtube.com/watch?v=VOLvxB4lfxI
smartbench_0124,https://www.youtube.com/watch?v=SGV_YKspHD0
smartbench_0125,https://www.youtube.com/watch?v=FEKwt2-2COg
smartbench_0126,https://www.youtube.com/watch?v=wD71GGYcgU4
smartbench_0127,https://www.youtube.com/watch?v=8DSuqE5IaTA
smartbench_0128,https://www.youtube.com/watch?v=cBH-BTLtBnQ
smartbench_0129,https://www.youtube.com/watch?v=zsKgoJFWB10
smartbench_0130,https://www.youtube.com/watch?v=weBzDdNud8w
smartbench_0131,https://www.youtube.com/watch?v=Pd7hYuHb6TE
smartbench_0132,https://www.youtube.com/watch?v=GcUL5XFD4hQ
smartbench_0133,https://www.youtube.com/watch?v=jR4r4-sV5sU
smartbench_0134,https://www.youtube.com/watch?v=vkqck71gVCY
smartbench_0135,https://www.youtube.com/watch?v=M10PlT9osdg
smartbench_0136,https://www.youtube.com/watch?v=zX4D9vc6szQ
smartbench_0137,https://www.youtube.com/watch?v=Pml7Gwi5gSY
smartbench_0138,https://www.youtube.com/watch?v=yOZNc09Z92s
smartbench_0139,https://www.youtube.com/watch?v=ixjZe7yGhSg
smartbench_0140,https://www.youtube.com/watch?v=pKR3PldvOtk
smartbench_0141,https://www.youtube.com/watch?v=w-Ysx21qM0A
smartbench_0142,https://www.youtube.com/watch?v=17_N3EJXNwg
smartbench_0143,https://www.youtube.com/watch?v=crqkKuelHDI
smartbench_0144,https://www.youtube.com/watch?v=rgImd5kpo7c
smartbench_0145,https://www.youtube.com/watch?v=ZYeaedMw2YU
smartbench_0146,https://www.youtube.com/watch?v=tBf3HReS3LA
smartbench_0147,https://www.youtube.com/watch?v=rCsaB7JuqO4
smartbench_0148,https://www.youtube.com/watch?v=lWMunfI_NGQ
smartbench_0149,https://www.youtube.com/watch?v=Jlvqozxui_o
smartbench_0150,https://www.youtube.com/watch?v=iJetmadOxIY
smartbench_0151,https://www.youtube.com/watch?v=GgqL4Q9lgCI
smartbench_0152,https://www.youtube.com/watch?v=2BsoZLQkXx4
smartbench_0153,https://www.youtube.com/watch?v=fO9JGG_Leew
smartbench_0154,https://www.youtube.com/watch?v=2MODW_u-byY
smartbench_0155,https://www.youtube.com/watch?v=YsbSSckrU4o
smartbench_0156,https://www.youtube.com/watch?v=2a4aiyqC87E
smartbench_0157,https://www.youtube.com/watch?v=u8NjYyGE2ZQ
smartbench_0158,https://www.youtube.com/watch?v=naGyzomU5g4
smartbench_0159,https://www.youtube.com/watch?v=OBHNzvhOcdQ
smartbench_0160,https://www.youtube.com/watch?v=5CTpw--pH54
smartbench_0161,https://www.youtube.com/watch?v=RsAjxdF89g8
smartbench_0162,https://www.youtube.com/watch?v=aAZ6daNbYhw
smartbench_0163,https://www.youtube.com/watch?v=MM9zoclEK0E
smartbench_0164,https://www.youtube.com/watch?v=O2og4HbaXSs
smartbench_0165,https://www.youtube.com/watch?v=nUtu3yfiouo
smartbench_0166,https://www.youtube.com/watch?v=JzYSEBgEG1c
smartbench_0167,https://www.youtube.com/watch?v=ATvl1TbY_tc
smartbench_0168,https://www.youtube.com/watch?v=6Eui4SduDdU
smartbench_0169,https://www.youtube.com/watch?v=vIt_gF89GEs
smartbench_0170,https://www.youtube.com/watch?v=EMVhDU8Q2AA
smartbench_0171,https://www.youtube.com/watch?v=j3SSxAkhccU
smartbench_0172,https://www.youtube.com/watch?v=zeP5Fg37Z0Y
smartbench_0173,https://www.youtube.com/watch?v=Xkl7PKEq4Sw
smartbench_0174,https://www.youtube.com/watch?v=Ul1Y2sTWNzg
smartbench_0175,https://www.youtube.com/watch?v=4pGsmMzifCE
smartbench_0176,https://www.youtube.com/watch?v=M60yzOlqeeE
smartbench_0177,https://www.youtube.com/watch?v=FYb5gpR-NNQ
smartbench_0178,https://www.youtube.com/watch?v=n0qrs4T90yA
smartbench_0179,https://www.youtube.com/watch?v=cm1cY4siQKs
smartbench_0180,https://www.youtube.com/watch?v=gcfmPyukK4w
smartbench_0181,https://www.youtube.com/watch?v=SmbiO-cZOOI
smartbench_0182,https://www.youtube.com/watch?v=PEzqGTRKitY
smartbench_0183,https://www.youtube.com/watch?v=_OhdB1cpJmI
smartbench_0184,https://www.youtube.com/watch?v=-Nc0tM23c4M
smartbench_0185,https://www.youtube.com/watch?v=vZ83BV8RkDo
smartbench_0186,https://www.youtube.com/watch?v=uppbWLueEeA
smartbench_0187,https://www.youtube.com/watch?v=4jC6DjN6Xts
smartbench_0188,https://www.youtube.com/watch?v=uUsuo2hKqnQ
smartbench_0189,https://www.youtube.com/watch?v=wvbu9zKQpoo
smartbench_0190,https://www.youtube.com/watch?v=Q8pyhCBuWwc
smartbench_0191,https://www.youtube.com/watch?v=QifwDXtGxpk
smartbench_0192,https://www.youtube.com/watch?v=GC5GY5dQB98
smartbench_0193,https://www.youtube.com/watch?v=OyQs0NqCSfA
smartbench_0194,https://www.youtube.com/watch?v=IkOv-CGduPA
smartbench_0195,https://www.youtube.com/watch?v=_bVjbL_qv5Q
smartbench_0196,https://www.youtube.com/watch?v=U-H2T86iq0A
smartbench_0197,https://www.youtube.com/watch?v=a1KLlVUkIR0
smartbench_0198,https://www.youtube.com/watch?v=S1o-vtgNHmk
smartbench_0199,https://www.youtube.com/watch?v=9d-6lKZGadc
smartbench_0200,https://www.youtube.com/watch?v=YNd8jNrCASU
smartbench_0201,https://www.youtube.com/watch?v=V8Mb5P8dHXE
smartbench_0202,https://www.youtube.com/watch?v=pO9UcvVH2AQ
smartbench_0203,https://www.youtube.com/watch?v=fyeQn4V8cHU
smartbench_0204,https://www.youtube.com/watch?v=KXUWbB-betU
smartbench_0205,https://www.youtube.com/watch?v=qPVd5EP6vRQ
smartbench_0206,https://www.youtube.com/watch?v=zYiRPdWF7J0
smartbench_0207,https://www.youtube.com/watch?v=jiykhMAeCJo
smartbench_0208,https://www.youtube.com/watch?v=wmKgcLx3n3U
smartbench_0209,https://www.youtube.com/watch?v=GvmYmZklh0Q
smartbench_0210,https://www.youtube.com/watch?v=VeLK4WsqExo
smartbench_0211,https://www.youtube.com/watch?v=Y44mVkhErLA
smartbench_0212,https://www.youtube.com/watch?v=A6iTBo_mRLk
smartbench_0213,https://www.youtube.com/watch?v=Z7Zk_aSgsY4
smartbench_0214,https://www.youtube.com/watch?v=hA5PK6Dp0OI
smartbench_0215,https://www.youtube.com/watch?v=A-FF7NntUzY
smartbench_0216,https://www.youtube.com/watch?v=OvBzOodJ31E
smartbench_0217,https://www.youtube.com/watch?v=jNsO1K0mRwI
smartbench_0218,https://www.youtube.com/watch?v=mQkNlLKjxrk
smartbench_0219,https://www.youtube.com/watch?v=J70peaHl_Q0
smartbench_0220,https://www.youtube.com/watch?v=dV6vHfygI4A
smartbench_0221,https://www.youtube.com/watch?v=Cd6Uqp8CyQ0
smartbench_0222,https://www.youtube.com/watch?v=rKJgWAl1qe0
smartbench_0223,https://www.youtube.com/watch?v=uVBD1lakNCM
smartbench_0224,https://www.youtube.com/watch?v=AC3Vs_PYm64
smartbench_0225,https://www.youtube.com/watch?v=O0En05vj1fY
smartbench_0226,https://www.youtube.com/watch?v=ua4B7tcmPrI
smartbench_0227,https://www.youtube.com/watch?v=39YvEMDOhCw
smartbench_0228,https://www.youtube.com/watch?v=D-3DS_NUgMI
smartbench_0229,https://www.youtube.com/watch?v=pW7wpykFfFY
smartbench_0230,https://www.youtube.com/watch?v=C37BPpR2e7Q
smartbench_0231,https://www.youtube.com/watch?v=5lZjnOsHrtA
smartbench_0232,https://www.youtube.com/watch?v=gCWcsOqe97Q
smartbench_0233,https://www.youtube.com/watch?v=XvizgbpQaQY
smartbench_0234,https://www.youtube.com/watch?v=iAybpEnJdEU
smartbench_0235,https://www.youtube.com/watch?v=d6ZhQqkP2Lg
smartbench_0236,https://www.youtube.com/watch?v=uWZoGbpwX2o
smartbench_0237,https://www.youtube.com/watch?v=F8Sc6uaKRxs
smartbench_0238,https://www.youtube.com/watch?v=ySEkqvFXdF4
smartbench_0239,https://www.youtube.com/watch?v=mSKkexTFIpA
smartbench_0240,https://www.youtube.com/watch?v=l8zGCy-JdI8
smartbench_0241,https://www.youtube.com/watch?v=PQCLFCRPwVs
smartbench_0242,https://www.youtube.com/watch?v=eDcZ3dy80kk
smartbench_0243,https://www.youtube.com/watch?v=4F594hre2es
smartbench_0244,https://www.youtube.com/watch?v=qtY5109BjgE
smartbench_0245,https://www.youtube.com/watch?v=T-CfiQmCFX0
smartbench_0246,https://www.youtube.com/watch?v=kDcunm0ZAvM
smartbench_0247,https://www.youtube.com/watch?v=GJwv2AMf-f0
smartbench_0248,https://www.youtube.com/watch?v=ZlCPJyqbEi0
smartbench_0249,https://www.youtube.com/watch?v=qQdMgc77DCQ
smartbench_0250,https://www.youtube.com/watch?v=nRgqP27jQ2s
smartbench_0251,https://www.youtube.com/watch?v=noS_VMOxLGw
smartbench_0252,https://www.youtube.com/watch?v=8PW1OEhXVq0
smartbench_0253,https://www.youtube.com/watch?v=5vOEgnMsSGI
smartbench_0254,https://www.youtube.com/watch?v=MwgpBrHxYLg
smartbench_0255,https://www.youtube.com/watch?v=CZIx6cwsQxQ
smartbench_0256,https://www.youtube.com/watch?v=M9xqxQxWYTM
smartbench_0257,https://www.youtube.com/watch?v=rQO89AWBibw
smartbench_0258,https://www.youtube.com/watch?v=QeoEOtTaAew
smartbench_0259,https://www.youtube.com/watch?v=_Psi3NnuNiw
smartbench_0260,https://www.youtube.com/watch?v=AkIVn5CNHLE
smartbench_0261,https://www.youtube.com/watch?v=kxwd5DFoYUI
smartbench_0262,https://www.youtube.com/watch?v=P_cAAcUgedM
smartbench_0263,https://www.youtube.com/watch?v=tuqZuPPdKv8
smartbench_0264,https://www.youtube.com/watch?v=7igE0IPvLQU
smartbench_0265,https://www.youtube.com/watch?v=tu44tFdzf50
smartbench_0266,https://www.youtube.com/watch?v=_xg3SH6qu1c
smartbench_0267,https://www.youtube.com/watch?v=ADkVZj2DXIY
smartbench_0268,https://www.youtube.com/watch?v=L29x8g3YY2s
smartbench_0269,https://www.youtube.com/watch?v=SNXcJkWBfi8
smartbench_0270,https://www.youtube.com/watch?v=vNct1b-28Qg
smartbench_0271,https://www.youtube.com/watch?v=mvEHMSxuJ_k
smartbench_0272,https://www.youtube.com/watch?v=GnXkZoxvsw8
smartbench_0273,https://www.youtube.com/watch?v=vaGcsuluWSc
smartbench_0274,https://www.youtube.com/watch?v=2yfxeE6MY3w
smartbench_0275,https://www.youtube.com/watch?v=C2XrwuCmCUM
smartbench_0276,https://www.youtube.com/watch?v=_iV2anL2SKE
smartbench_0277,https://www.youtube.com/watch?v=-3yHkj7dPvA
smartbench_0278,https://www.youtube.com/watch?v=vHUiuWhUIIw
smartbench_0279,https://www.youtube.com/watch?v=du44xRxPaIM
smartbench_0280,https://www.youtube.com/watch?v=VlZa6SAogtw
smartbench_0281,https://www.youtube.com/watch?v=hRyShQ0nSyw
smartbench_0282,https://www.youtube.com/watch?v=7eL5OKOsf1U
smartbench_0283,https://www.youtube.com/watch?v=JRmK1cwno8o
smartbench_0284,https://www.youtube.com/watch?v=wte45fvQ7ls
smartbench_0285,https://www.youtube.com/watch?v=Hql8JloE9oU
smartbench_0286,https://www.youtube.com/watch?v=OgmMGQ_OYrY
smartbench_0287,https://www.youtube.com/watch?v=HjJ_471BILk
smartbench_0288,https://www.youtube.com/watch?v=OvZVopEh8vI
smartbench_0289,https://www.youtube.com/watch?v=MwUZPwCNpcA
smartbench_0290,https://www.youtube.com/watch?v=XWCCEksks5U
smartbench_0291,https://www.youtube.com/watch?v=2_SNAiibiIA
smartbench_0292,https://www.youtube.com/watch?v=2tnBaicnufg
smartbench_0293,https://www.youtube.com/watch?v=QmkWXLipqCs
smartbench_0294,https://www.youtube.com/watch?v=M-R95X8bk94
smartbench_0295,https://www.youtube.com/watch?v=WLSmzAE_82s
smartbench_0296,https://www.youtube.com/watch?v=aok7ODEtrYI
smartbench_0297,https://www.youtube.com/watch?v=dXNmmCNK_fU
smartbench_0298,https://www.youtube.com/watch?v=rFnGMBCmoIc
smartbench_0299,https://www.youtube.com/watch?v=XDfqvvPBU0U
smartbench_0300,https://www.youtube.com/watch?v=dAMzwQa6y0U
smartbench_0301,https://www.youtube.com/watch?v=yT9bQXfLV28
smartbench_0302,https://www.youtube.com/watch?v=Eed0Axee5Tc
smartbench_0303,https://www.youtube.com/watch?v=he71pWA5xGo
smartbench_0304,https://www.youtube.com/watch?v=e-_XcUTFF0M
smartbench_0305,https://www.youtube.com/watch?v=o5Er4abeIak
smartbench_0306,https://www.youtube.com/watch?v=icYPN5S29ZQ
smartbench_0307,https://www.youtube.com/watch?v=evVrht5KnYI
smartbench_0308,https://www.youtube.com/watch?v=2Ig6O3hni_c
smartbench_0309,https://www.youtube.com/watch?v=4YiglDVFXbs
smartbench_0310,https://www.youtube.com/watch?v=asEPfpRNeyg
smartbench_0311,https://www.youtube.com/watch?v=Bdojm5FQ2gU
smartbench_0312,https://www.youtube.com/watch?v=Rl3I1rX5U6c
smartbench_0313,https://www.youtube.com/watch?v=-HGP18hkRg4
smartbench_0314,https://www.youtube.com/watch?v=0uFAyhj2AK8
smartbench_0315,https://www.youtube.com/watch?v=glGnAbBIMGo
smartbench_0316,https://www.youtube.com/watch?v=dF0lO8g_KbM
smartbench_0317,https://www.youtube.com/watch?v=HfWBqKrRFJU
smartbench_0318,https://www.youtube.com/watch?v=hdQtA7A8gik
smartbench_0319,https://www.youtube.com/watch?v=d4Oxqk_UGNI
smartbench_0320,https://www.youtube.com/watch?v=qCfr5iU2zg0
smartbench_0321,https://www.youtube.com/watch?v=FuDb8E9G6q4
smartbench_0322,https://www.youtube.com/watch?v=YAyYU1JKAsk
smartbench_0323,https://www.youtube.com/watch?v=ZxVy_sz6-OI
smartbench_0324,https://www.youtube.com/watch?v=luvoxnxVBKA
smartbench_0325,https://www.youtube.com/watch?v=rFUGtk-28PA
smartbench_0326,https://www.youtube.com/watch?v=65bQbB4VRsI
smartbench_0327,https://www.youtube.com/watch?v=NIQZ7AKuefw
smartbench_0328,https://www.youtube.com/watch?v=sBnub4-N-lk
smartbench_0329,https://www.youtube.com/watch?v=tBoNcTFCVsI
smartbench_0330,https://www.youtube.com/watch?v=qkPZ33EDWPY
smartbench_0331,https://www.youtube.com/watch?v=mHkOIKCx_iU
smartbench_0332,https://www.youtube.com/watch?v=RwDFnuTqFs8
smartbench_0333,https://www.youtube.com/watch?v=T1ODckw3tv0
smartbench_0334,https://www.youtube.com/watch?v=El2mOQ1MDL8
smartbench_0335,https://www.youtube.com/watch?v=XCg43rJNZ2c
smartbench_0336,https://www.youtube.com/watch?v=vrMiyFpCky8
smartbench_0337,https://www.youtube.com/watch?v=4aK2vYOFj0Y
smartbench_0338,https://www.youtube.com/watch?v=_GSQKhdkqrM
smartbench_0339,https://www.youtube.com/watch?v=5cHMtxCAyes
smartbench_0340,https://www.youtube.com/watch?v=I7fmoXbUyCk
smartbench_0341,https://www.youtube.com/watch?v=yO92cXdqqYM
smartbench_0342,https://www.youtube.com/watch?v=e0Y-Rrpdh2U
smartbench_0343,https://www.youtube.com/watch?v=copCyf2ta1k
smartbench_0344,https://www.youtube.com/watch?v=MdOlZhtIIF8
smartbench_0345,https://www.youtube.com/watch?v=ndkJHrf0-38
smartbench_0346,https://www.youtube.com/watch?v=DtCsr4QT6iE
smartbench_0347,https://www.youtube.com/watch?v=8AqgG08cwu4
smartbench_0348,https://www.youtube.com/watch?v=0UBYvC5Tuws
smartbench_0349,https://www.youtube.com/watch?v=CvnVl-GpB-w
smartbench_0350,https://www.youtube.com/watch?v=lA4QRDLYMEE
smartbench_0351,https://www.youtube.com/watch?v=h8FqMxk7-6Q
smartbench_0352,https://www.youtube.com/watch?v=HHHiido4BF8
smartbench_0353,https://www.youtube.com/watch?v=d1SuPNm3sGI
smartbench_0354,https://www.youtube.com/watch?v=oU6WhMwYrBs
smartbench_0355,https://www.youtube.com/watch?v=4hDYzVJ2cNY
smartbench_0356,https://www.youtube.com/watch?v=bXn0N4yF0xQ
smartbench_0357,https://www.youtube.com/watch?v=umZ9JlIMNS4
smartbench_0358,https://www.youtube.com/watch?v=IqkcQOKuWyw
smartbench_0359,https://www.youtube.com/watch?v=FDRzau77sPs
smartbench_0360,https://www.youtube.com/watch?v=VKf2g9fE3_o
smartbench_0361,https://www.youtube.com/watch?v=ILgh9G8irAQ
smartbench_0362,https://www.youtube.com/watch?v=5lozYvEPzyQ
smartbench_0363,https://www.youtube.com/watch?v=fXi4XiHaO0o
smartbench_0364,https://www.youtube.com/watch?v=jgw3Gpxiad4
smartbench_0365,https://www.youtube.com/watch?v=HMAy9LznW7k
smartbench_0366,https://www.youtube.com/watch?v=M3zJnxVOUWE
smartbench_0367,https://www.youtube.com/watch?v=uGObS2TyREY
smartbench_0368,https://www.youtube.com/watch?v=93cuCsGnsvE
smartbench_0369,https://www.youtube.com/watch?v=u8iJw7nw5Rc
smartbench_0370,https://www.youtube.com/watch?v=LcA5EQThqxs
smartbench_0371,https://www.youtube.com/watch?v=CMCgCk_aYtU
smartbench_0372,https://www.youtube.com/watch?v=DBhFuWQbYa4
smartbench_0373,https://www.youtube.com/watch?v=KdUHaN7avx4
smartbench_0374,https://www.youtube.com/watch?v=IZLlGs2Nj0M
smartbench_0375,https://www.youtube.com/watch?v=dUjRU7_ZHBg
smartbench_0376,https://www.youtube.com/watch?v=XbJlJgxw4rg
smartbench_0377,https://www.youtube.com/watch?v=DiOEgh7ByOc
smartbench_0378,https://www.youtube.com/watch?v=qcqJMZHHDT8
smartbench_0379,https://www.youtube.com/watch?v=nVkLviQSlcY
smartbench_0380,https://www.youtube.com/watch?v=5F2mg0p1EY8
smartbench_0381,https://www.youtube.com/watch?v=7KiITgvN5Aw
smartbench_0382,https://www.youtube.com/watch?v=0LxaRsgg2ls
smartbench_0383,https://www.youtube.com/watch?v=e9gNEoKr9DA
smartbench_0384,https://www.youtube.com/watch?v=A6CeIBrjGVo
smartbench_0385,https://www.youtube.com/watch?v=Dpad533WLwg
smartbench_0386,https://www.youtube.com/watch?v=BRZwpSC_P0g
smartbench_0387,https://www.youtube.com/watch?v=IBGfX9JuFKs
smartbench_0388,https://www.youtube.com/watch?v=XK1NSHrPuIQ
smartbench_0389,https://www.youtube.com/watch?v=b827jAFlhl8
smartbench_0390,https://www.youtube.com/watch?v=AgRgeEOTjnI
smartbench_0391,https://www.youtube.com/watch?v=ZuuJHJA6J7U
smartbench_0392,https://www.youtube.com/watch?v=C9zQ4yhTG4U
smartbench_0393,https://www.youtube.com/watch?v=xKCpfk8sX-U
smartbench_0394,https://www.youtube.com/watch?v=kGIW9l0EZ0c
smartbench_0395,https://www.youtube.com/watch?v=L8YnX38Kit8
smartbench_0396,https://www.youtube.com/watch?v=cJLFWRlqUuo
smartbench_0397,https://www.youtube.com/watch?v=FIYTk6MTgTM
smartbench_0398,https://www.youtube.com/watch?v=CSM5AuDQzwc
smartbench_0399,https://www.youtube.com/watch?v=v_3880_5gXk
smartbench_0400,https://www.youtube.com/watch?v=LvlYfe9VOd8
smartbench_0401,https://www.youtube.com/watch?v=U9Khn2-T0Ek
smartbench_0402,https://www.youtube.com/watch?v=Mig0h3GNJ8k
smartbench_0403,https://www.youtube.com/watch?v=xsjAmM9VgIs
smartbench_0404,https://www.youtube.com/watch?v=eob0eXAg6ek
smartbench_0405,https://www.youtube.com/watch?v=Z1efbJhod0A
smartbench_0406,https://www.youtube.com/watch?v=wjc51PU_FFk
smartbench_0407,https://www.youtube.com/watch?v=ldhz8BdGtZU
smartbench_0408,https://www.youtube.com/watch?v=Jyz48pN_UbE
smartbench_0409,https://www.youtube.com/watch?v=B6no_BE8-J0
smartbench_0410,https://www.youtube.com/watch?v=O1Do-ePgdFU
smartbench_0411,https://www.youtube.com/watch?v=62pI6VaBVXE
smartbench_0412,https://www.youtube.com/watch?v=eXaHXnGcqj8
smartbench_0413,https://www.youtube.com/watch?v=wpMcIFXs4t4
smartbench_0414,https://www.youtube.com/watch?v=5EgjKJ3xAgk
smartbench_0415,https://www.youtube.com/watch?v=CgZXsPCwnKE
smartbench_0416,https://www.youtube.com/watch?v=05HOUguZJeM
smartbench_0417,https://www.youtube.com/watch?v=K6aYmYcdBX0
smartbench_0418,https://www.youtube.com/watch?v=REan4VsyTo4
smartbench_0419,https://www.youtube.com/watch?v=EnP_EXgbTyg
smartbench_0420,https://www.youtube.com/watch?v=Wykx0zV0CRs
smartbench_0421,https://www.youtube.com/watch?v=FU1jevvMc3A
smartbench_0422,https://www.youtube.com/watch?v=vWkokIOrUBs
smartbench_0423,https://www.youtube.com/watch?v=FgKmKSzBB54
smartbench_0424,https://www.youtube.com/watch?v=qMTknR0Ma14
smartbench_0425,https://www.youtube.com/watch?v=siR4UaVI6NA
smartbench_0426,https://www.youtube.com/watch?v=M9_gzvUlJAg
smartbench_0427,https://www.youtube.com/watch?v=uS3jNThpyf4
smartbench_0428,https://www.youtube.com/watch?v=sERtcznsrag
smartbench_0429,https://www.youtube.com/watch?v=g0YHwjj8p70
smartbench_0430,https://www.youtube.com/watch?v=cOQeCY0Awv8
smartbench_0431,https://www.youtube.com/watch?v=Dk3-BQEJ900
smartbench_0432,https://www.youtube.com/watch?v=iR9Ouix8Onk
smartbench_0433,https://www.youtube.com/watch?v=0u5DS9-gPHE
smartbench_0434,https://www.youtube.com/watch?v=mKRsMtdqUKs
smartbench_0435,https://www.youtube.com/watch?v=5-Jd7oUisk4
smartbench_0436,https://www.youtube.com/watch?v=JI2NtXQR9to
smartbench_0437,https://www.youtube.com/watch?v=Sbw45msOSUc
smartbench_0438,https://www.youtube.com/watch?v=dIsEjakqH1U
smartbench_0439,https://www.youtube.com/watch?v=tc8tnsuEadU
smartbench_0440,https://www.youtube.com/watch?v=7bgA9Bz4ff0
smartbench_0441,https://www.youtube.com/watch?v=15Wb-DzcDko
smartbench_0442,https://www.youtube.com/watch?v=uL87BUNTcSE
smartbench_0443,https://www.youtube.com/watch?v=3DDLr5tLZT8
smartbench_0444,https://www.youtube.com/watch?v=peSGdhtGT9g
smartbench_0445,https://www.youtube.com/watch?v=P1nx_vRrVfk
smartbench_0446,https://www.youtube.com/watch?v=QwqXWMujaxA
smartbench_0447,https://www.youtube.com/watch?v=WTbInZXD1Ec
smartbench_0448,https://www.youtube.com/watch?v=IB7kmE1P98w
smartbench_0449,https://www.youtube.com/watch?v=LQ4ugbhm_Tw
smartbench_0450,https://www.youtube.com/watch?v=OMHlfmX_7Zc
smartbench_0451,https://www.youtube.com/watch?v=exJOrP2l73A
smartbench_0452,https://www.youtube.com/watch?v=KOgGbF1gi3c
smartbench_0453,https://www.youtube.com/watch?v=PECtY03xwSo
smartbench_0454,https://www.youtube.com/watch?v=pqbiOAG5Y5I
smartbench_0455,https://www.youtube.com/watch?v=c2WluTB8fN0
smartbench_0456,https://www.youtube.com/watch?v=Xl-R3YCQRkY
smartbench_0457,https://www.youtube.com/watch?v=qac7qSQoB9I
smartbench_0458,https://www.youtube.com/watch?v=Zv9jQIM4BbQ
smartbench_0459,https://www.youtube.com/watch?v=gZ6_uUipru0
smartbench_0460,https://www.youtube.com/watch?v=6wmj8rEYc5o
smartbench_0461,https://www.youtube.com/watch?v=RzJF6ffWqQ8
smartbench_0462,https://www.youtube.com/watch?v=E42OLSpzr8U
smartbench_0463,https://www.youtube.com/watch?v=kT2lSmOX4A8
smartbench_0464,https://www.youtube.com/watch?v=STzcl3QbZTU
smartbench_0465,https://www.youtube.com/watch?v=oBgjV6Mwpjs
smartbench_0466,https://www.youtube.com/watch?v=SQby6QBujTE
smartbench_0467,https://www.youtube.com/watch?v=GHjrGE5k-1M
smartbench_0468,https://www.youtube.com/watch?v=EOPGSa3Kljs
smartbench_0469,https://www.youtube.com/watch?v=N3X9vHkc47k
smartbench_0470,https://www.youtube.com/watch?v=bs91p6WnTps
smartbench_0471,https://www.youtube.com/watch?v=GL-oC2U4G4s
smartbench_0472,https://www.youtube.com/watch?v=2MqPJjTc1Bo
smartbench_0473,https://www.youtube.com/watch?v=TWbca1nSGvU
smartbench_0474,https://www.youtube.com/watch?v=wVfDVR_r7DU
smartbench_0475,https://www.youtube.com/watch?v=yED7Drbf3Ow
smartbench_0476,https://www.youtube.com/watch?v=4pwCBdlBa_E
smartbench_0477,https://www.youtube.com/watch?v=r1cmcLUahKk
smartbench_0478,https://www.youtube.com/watch?v=R_osqOUoO-4
smartbench_0479,https://www.youtube.com/watch?v=4QJqbAHwyWM
smartbench_0480,https://www.youtube.com/watch?v=OBsFeQA9lUQ
smartbench_0481,https://www.youtube.com/watch?v=F2ZP9tuliNs
smartbench_0482,https://www.youtube.com/watch?v=Rxi7phu3vts
smartbench_0483,https://www.youtube.com/watch?v=7wuQ7LcGbE0
smartbench_0484,https://www.youtube.com/watch?v=BaZtCciPFjk
smartbench_0485,https://www.youtube.com/watch?v=jGHLG2eGyhM
smartbench_0486,https://www.youtube.com/watch?v=i79xdCj_slQ
smartbench_0487,https://www.youtube.com/watch?v=kR99N2XzrbA
smartbench_0488,https://www.youtube.com/watch?v=U_KY8FGH_7Q
smartbench_0489,https://www.youtube.com/watch?v=WzFLD0ThyJQ
smartbench_0490,https://www.youtube.com/watch?v=i-oaxf3PB8Y
smartbench_0491,https://www.youtube.com/watch?v=esOFxf8zUsA
smartbench_0492,https://www.youtube.com/watch?v=6vA_cKvI5gc
smartbench_0493,https://www.youtube.com/watch?v=lNADUYs2GC8
smartbench_0494,https://www.youtube.com/watch?v=U7vx4BF4dqA
smartbench_0495,https://www.youtube.com/watch?v=uvKOxW50axs
smartbench_0496,https://www.youtube.com/watch?v=H6_YpVBzqNw
smartbench_0497,https://www.youtube.com/watch?v=agV7b8fp4Rw
smartbench_0498,https://www.youtube.com/watch?v=C9ithMQJEfk
smartbench_0499,https://www.youtube.com/watch?v=xpmhLAFHp6M
smartbench_0500,https://www.youtube.com/watch?v=vSXJlOs6ZVg
smartbench_0501,https://www.youtube.com/watch?v=R6UpSwG_zmU
smartbench_0502,https://www.youtube.com/watch?v=G434YHncW-o
smartbench_0503,https://www.youtube.com/watch?v=adWBY2oKswE
smartbench_0504,https://www.youtube.com/watch?v=Omsk7ksrHDs
smartbench_0505,https://www.youtube.com/watch?v=kMp_vduElZA
smartbench_0506,https://www.youtube.com/watch?v=waXNv-9Xubg
smartbench_0507,https://www.youtube.com/watch?v=d2JZmeMGEHE
smartbench_0508,https://www.youtube.com/watch?v=7Z4ExUfkUOw
smartbench_0509,https://www.youtube.com/watch?v=jPQ9iD_EJEE
smartbench_0510,https://www.youtube.com/watch?v=2N8bpVRRyAo
smartbench_0511,https://www.youtube.com/watch?v=sVjlJHHX7hg
smartbench_0512,https://www.youtube.com/watch?v=gwbElEwubos
smartbench_0513,https://www.youtube.com/watch?v=2L5wgrll2uQ
smartbench_0514,https://www.youtube.com/watch?v=8E9TjV9k7SQ
smartbench_0515,https://www.youtube.com/watch?v=8KytFTAYMqo
smartbench_0516,https://www.youtube.com/watch?v=Ha3ZqtEFwR8
smartbench_0517,https://www.youtube.com/watch?v=VAlBQz2IGCw
smartbench_0518,https://www.youtube.com/watch?v=SUkBjtTMdNk
smartbench_0519,https://www.youtube.com/watch?v=oFkJeahh7Hc
smartbench_0520,https://www.youtube.com/watch?v=93VqLoXk4OM
smartbench_0521,https://www.youtube.com/watch?v=6Rx_w_v4tLk
smartbench_0522,https://www.youtube.com/watch?v=W_H4H6swLDE
smartbench_0523,https://www.youtube.com/watch?v=nRV3nmU33oE
smartbench_0524,https://www.youtube.com/watch?v=D1qHbFKngIk
smartbench_0525,https://www.youtube.com/watch?v=MJP2iL7xLro
smartbench_0526,https://www.youtube.com/watch?v=D0U7Rmq5mHI
smartbench_0527,https://www.youtube.com/watch?v=xEqUvf5UDnY
smartbench_0528,https://www.youtube.com/watch?v=K5GcMJO6yLk
smartbench_0529,https://www.youtube.com/watch?v=k-WvGk7a9Ms
smartbench_0530,https://www.youtube.com/watch?v=UN22QKQ9Dmk
smartbench_0531,https://www.youtube.com/watch?v=PsQO2UNNXAQ
smartbench_0532,https://www.youtube.com/watch?v=GjSPC34kvCA
smartbench_0533,https://www.youtube.com/watch?v=A6XLzGzmikg
smartbench_0534,https://www.youtube.com/watch?v=nh3Zbcf27v8
smartbench_0535,https://www.youtube.com/watch?v=2uWabFvHI58
smartbench_0536,https://www.youtube.com/watch?v=BITVloO8tG4
smartbench_0537,https://www.youtube.com/watch?v=8qJfdmnHLMI
smartbench_0538,https://www.youtube.com/watch?v=ZhY8gxcCw1M
smartbench_0539,https://www.youtube.com/watch?v=5a9JnrSbGjw
smartbench_0540,https://www.youtube.com/watch?v=hwZoKRXMeg8
smartbench_0541,https://www.youtube.com/watch?v=BJDX-m3jk3E
smartbench_0542,https://www.youtube.com/watch?v=Ej0pzMmjjIA
smartbench_0543,https://www.youtube.com/watch?v=C9FlVJ_DuLY
smartbench_0544,https://www.youtube.com/watch?v=Mg_Ismd3SgM
smartbench_0545,https://www.youtube.com/watch?v=C4e1tMX92FM
smartbench_0546,https://www.youtube.com/watch?v=EfUmArHz_Ns
smartbench_0547,https://www.youtube.com/watch?v=NP6PJhy3o7w
smartbench_0548,https://www.youtube.com/watch?v=gUmwqqYnSm4
smartbench_0549,https://www.youtube.com/watch?v=CPDL3gTPq6M
smartbench_0550,https://www.youtube.com/watch?v=n84eFA9hMbw
smartbench_0551,https://www.youtube.com/watch?v=EXEg6CfzW70
smartbench_0552,https://www.youtube.com/watch?v=G_2Rh-cSkvc
smartbench_0553,https://www.youtube.com/watch?v=4xOLvKs-KXk
smartbench_0554,https://www.youtube.com/watch?v=xIxelzEX8bw
smartbench_0555,https://www.youtube.com/watch?v=dubztBS9LGk
smartbench_0556,https://www.youtube.com/watch?v=H6MTpvh8kck
smartbench_0557,https://www.youtube.com/watch?v=RZ7KRjUw4N0
smartbench_0558,https://www.youtube.com/watch?v=gPoH-vhKnOo
smartbench_0559,https://www.youtube.com/watch?v=vxywOMlVJAU
smartbench_0560,https://www.youtube.com/watch?v=ghdafdTnQ6o
smartbench_0561,https://www.youtube.com/watch?v=PvKAS14PPr0
smartbench_0562,https://www.youtube.com/watch?v=bXhRLzizlKI
smartbench_0563,https://www.youtube.com/watch?v=ZHC_Y_vUSjA
smartbench_0564,https://www.youtube.com/watch?v=DZPoFFXaA1o
smartbench_0565,https://www.youtube.com/shorts/GOwrK2zef-4
smartbench_0566,https://www.youtube.com/shorts/4MQ0tG1XdWI
smartbench_0567,https://www.youtube.com/shorts/VfRkN5zn84Y
smartbench_0568,https://www.youtube.com/shorts/EaWYR-Zeevc
smartbench_0569,https://www.youtube.com/shorts/oeX8anHBmTw
smartbench_0570,https://www.youtube.com/shorts/9eTozVAEJTc
smartbench_0571,https://www.youtube.com/shorts/Ctvcz7G9mss
smartbench_0572,https://www.youtube.com/shorts/oUUHXLuS0p0
smartbench_0573,https://www.youtube.com/shorts/Y_o-ukDJrNs
smartbench_0574,https://www.youtube.com/shorts/7z-orxadFxE
smartbench_0575,https://www.youtube.com/shorts/r0AmhRgOQGk
smartbench_0576,https://www.youtube.com/shorts/yQq2M-GGUfk
smartbench_0577,https://www.youtube.com/shorts/w0fte8eeoTw
smartbench_0578,https://www.youtube.com/shorts/Eszw37mJfrA
smartbench_0579,https://www.youtube.com/shorts/veZGh4gKXUc
smartbench_0580,https://www.youtube.com/shorts/EBvYT-B105Q
smartbench_0581,https://www.youtube.com/shorts/UU7K6DhDYlo
smartbench_0582,https://www.youtube.com/shorts/sJOfpNcEYwo
smartbench_0583,https://www.youtube.com/shorts/8zrINaDUBM4
smartbench_0584,https://www.youtube.com/shorts/NI7CTs-4Mzc
smartbench_0585,https://www.youtube.com/shorts/7VCrtc4ekHo
smartbench_0586,https://www.youtube.com/shorts/CEZoKf0a5eM
smartbench_0587,https://www.youtube.com/shorts/SF1D9G3OUrI
smartbench_0588,https://www.youtube.com/shorts/YBR2kmGirVw
smartbench_0589,https://www.youtube.com/shorts/RTiR-C77E-U
smartbench_0590,https://www.youtube.com/shorts/lTE_cptou4M
smartbench_0591,https://www.youtube.com/shorts/VEjlfMF7ago
smartbench_0592,https://www.youtube.com/shorts/Pm7WHCnJHjA
smartbench_0593,https://www.youtube.com/shorts/ePM__OIK17A
smartbench_0594,https://www.youtube.com/shorts/UH_impbgFZE
smartbench_0595,https://www.youtube.com/shorts/kJ_fXrz40ZM
smartbench_0596,https://www.youtube.com/shorts/57GHhS2cY-k
smartbench_0597,https://www.youtube.com/shorts/a7tMxXi0gMc
smartbench_0598,https://www.youtube.com/shorts/48iHLWjetAM
smartbench_0599,https://www.youtube.com/shorts/BQ7xZ9xGSBo
smartbench_0600,https://www.youtube.com/shorts/F-zSzL6-Nh0
smartbench_0601,https://www.youtube.com/shorts/4sxdKHved7Y
smartbench_0602,https://www.youtube.com/shorts/9_86KvylVo0
smartbench_0603,https://www.youtube.com/shorts/_IhMjgQR4Gk
smartbench_0604,https://www.youtube.com/shorts/BjLcPkcWONs
smartbench_0605,https://www.youtube.com/shorts/ICxCoAwggtU
smartbench_0606,https://www.youtube.com/shorts/g-3013Shs4o
smartbench_0607,https://www.youtube.com/shorts/H6tCtJCTa3Q
smartbench_0608,https://www.youtube.com/shorts/6Xg7-HnQgaU
smartbench_0609,https://www.youtube.com/shorts/_udXr9S0nno
smartbench_0610,https://www.youtube.com/shorts/_mj8w6v9qIQ
smartbench_0611,https://www.youtube.com/shorts/_L5x2CpAHuk
smartbench_0612,https://www.youtube.com/shorts/DOwKBaGM48I
smartbench_0613,https://www.youtube.com/shorts/UV48wL0JJUA
smartbench_0614,https://www.youtube.com/shorts/y1QitvnIWm4
smartbench_0615,https://www.youtube.com/shorts/mRDthkXzXHw
smartbench_0616,https://www.youtube.com/watch?v=7l7MF07jD2s
smartbench_0617,https://www.youtube.com/watch?v=xjTD0a_pO38
smartbench_0618,https://www.youtube.com/watch?v=j3F1Xp9AHTA
smartbench_0619,https://www.youtube.com/watch?v=3pH4-uPFPvE
smartbench_0620,https://www.youtube.com/watch?v=3XJ_rJ_8KCo
smartbench_0621,https://www.youtube.com/watch?v=6kp8On9c-gE
smartbench_0622,https://www.youtube.com/watch?v=yOEWYyF2aEg
smartbench_0623,https://www.youtube.com/watch?v=d2yRFg-Xfqs
smartbench_0624,https://www.youtube.com/watch?v=D97iWDu37uE
smartbench_0625,https://www.youtube.com/watch?v=kCk645VwOak
smartbench_0626,https://www.youtube.com/watch?v=9xFnsLA6wdo
smartbench_0627,https://www.youtube.com/watch?v=5a4cU-xx8uU
smartbench_0628,https://www.youtube.com/watch?v=AuQoGYB-vhI
smartbench_0629,https://www.youtube.com/watch?v=MoGehhqonLE
smartbench_0630,https://www.youtube.com/watch?v=IAUXOVtZqNk
smartbench_0631,https://www.youtube.com/watch?v=3Clcd4TrOqU
smartbench_0632,https://www.youtube.com/watch?v=gKiYuUEYD6A
smartbench_0633,https://www.youtube.com/watch?v=U_bqS5-39hw
smartbench_0634,https://www.youtube.com/watch?v=f5CMFGD2jdI
smartbench_0635,https://www.youtube.com/watch?v=ZJfyhrQrCYk
smartbench_0636,https://www.youtube.com/watch?v=HK-HCARUYYE
smartbench_0637,https://www.youtube.com/watch?v=YUmXoIlFCYU
smartbench_0638,https://www.youtube.com/watch?v=np8uFOOHyeA
smartbench_0639,https://www.youtube.com/watch?v=wrwalJ044OY
smartbench_0640,https://www.youtube.com/watch?v=YThnohq0n6U
smartbench_0641,https://www.youtube.com/watch?v=bK0HH-YZTQ4
smartbench_0642,https://www.youtube.com/watch?v=fd5SqdflhbE
smartbench_0643,https://www.youtube.com/watch?v=5Xy1MJ6hXKc
smartbench_0644,https://www.youtube.com/watch?v=eSzmrkmJ7z4
smartbench_0645,https://www.youtube.com/watch?v=RwTNZ2_GO60
smartbench_0646,https://www.youtube.com/watch?v=VukuT7r3nKw
smartbench_0647,https://www.youtube.com/watch?v=nnECD-efvKo
smartbench_0648,https://www.youtube.com/watch?v=FU15a-BFRLE
smartbench_0649,https://www.youtube.com/watch?v=mgTVmkbJ-Fc
smartbench_0650,https://www.youtube.com/watch?v=0kIE5E3fgFc
smartbench_0651,https://www.youtube.com/watch?v=aCEsp8LUEoM
smartbench_0652,https://www.youtube.com/watch?v=ApmgNwdwOhg
smartbench_0653,https://www.youtube.com/watch?v=QKocOIxfqu8
smartbench_0654,https://www.youtube.com/watch?v=apJtSAMjtzI
smartbench_0655,https://www.youtube.com/watch?v=l6DB-BPmHPU
smartbench_0656,https://www.youtube.com/watch?v=h856ckzerdU
smartbench_0657,https://www.youtube.com/watch?v=1Coo_hkp2WU
smartbench_0658,https://www.youtube.com/watch?v=R_P6_MLZ7Ek
smartbench_0659,https://www.youtube.com/watch?v=EU9bpFROgpk
smartbench_0660,https://www.youtube.com/watch?v=Fav7dOLdRfc
smartbench_0661,https://www.youtube.com/watch?v=g5P1hj_cUyA
smartbench_0662,https://www.youtube.com/watch?v=AxkqvOOB6-s
smartbench_0663,https://www.youtube.com/watch?v=qto3zD-PY-M
smartbench_0664,https://www.youtube.com/watch?v=2K2sh8xHyIA
smartbench_0665,https://www.youtube.com/watch?v=NAvvQb-phtg
smartbench_0666,https://www.youtube.com/watch?v=jzUjvudQqPk
smartbench_0667,https://www.youtube.com/watch?v=MuHB4RVLtT0
smartbench_0668,https://www.youtube.com/watch?v=efPXxeegCBc
smartbench_0669,https://www.youtube.com/watch?v=P7dZnpTUTlU
smartbench_0670,https://www.youtube.com/watch?v=72MTJ6tRats
smartbench_0671,https://www.youtube.com/watch?v=KBp4ewUy2vQ
smartbench_0672,https://www.youtube.com/watch?v=luMKabBD8Nw
smartbench_0673,https://www.youtube.com/watch?v=w4uFVAFRDek
smartbench_0674,https://www.youtube.com/watch?v=AF7eVn5lPiA
smartbench_0675,https://www.youtube.com/watch?v=VaoQhXnmQrw
smartbench_0676,https://www.youtube.com/watch?v=jS7fSB4RjHA
smartbench_0677,https://www.youtube.com/watch?v=n9Sd4Y0eb9A
smartbench_0678,https://www.youtube.com/watch?v=b-In41S_-ac
smartbench_0679,https://www.youtube.com/watch?v=2WcrZ2ODSrk
smartbench_0680,https://www.youtube.com/watch?v=1ezGFfuSd9s
smartbench_0681,https://www.youtube.com/watch?v=qdsIDCJooL0
smartbench_0682,https://www.youtube.com/watch?v=QX4Xp8bJt6I
smartbench_0683,https://www.youtube.com/watch?v=nGAEb6Hgmk4
smartbench_0684,https://www.youtube.com/watch?v=CpVhgpVTrL0
smartbench_0685,https://www.youtube.com/watch?v=4hT32ptuCgk
smartbench_0686,https://www.youtube.com/watch?v=TFcIq-nMHyY
smartbench_0687,https://www.youtube.com/watch?v=X7ZHVpVx7YY
smartbench_0688,https://www.youtube.com/watch?v=tImdxAEtR9I
smartbench_0689,https://www.youtube.com/watch?v=QbIUZGasc8k
smartbench_0690,https://www.youtube.com/watch?v=Fz3fuA3mcFE
smartbench_0691,https://www.youtube.com/watch?v=fthO7h3vFJE
smartbench_0692,https://www.youtube.com/watch?v=rFKsCYeATSw
smartbench_0693,https://www.youtube.com/watch?v=2dUKNMDxmnI
smartbench_0694,https://www.youtube.com/watch?v=TLMtYd7zZxE
smartbench_0695,https://www.youtube.com/watch?v=X00_YOtlFjQ
smartbench_0696,https://www.youtube.com/watch?v=dAHSgHiZRaM
smartbench_0697,https://www.youtube.com/watch?v=7prdZlMwXeA
smartbench_0698,https://www.youtube.com/watch?v=7EXu11LxyHQ
smartbench_0699,https://www.youtube.com/watch?v=YizwaaQRnuQ
smartbench_0700,https://www.youtube.com/watch?v=TSSvm5Y57rc
smartbench_0701,https://www.youtube.com/watch?v=uO1bvfmpT3w
smartbench_0702,https://www.youtube.com/watch?v=FHDLcOD0E_s
smartbench_0703,https://www.youtube.com/watch?v=aVAPzJYT0Ms
smartbench_0704,https://www.youtube.com/watch?v=ZkZJbSSZWS4
smartbench_0705,https://www.youtube.com/watch?v=x_5KNHZ93w0
smartbench_0706,https://www.youtube.com/watch?v=y0WYs2PCPrw
smartbench_0707,https://www.youtube.com/watch?v=ujWhDL8qgUM
smartbench_0708,https://www.youtube.com/watch?v=tPzBP1K5-3Y
smartbench_0709,https://www.youtube.com/watch?v=eE2NIcXwu-k
smartbench_0710,https://www.youtube.com/watch?v=EEQJ5r6bjXU
smartbench_0711,https://www.youtube.com/watch?v=LQnOfiH0EnU
smartbench_0712,https://www.youtube.com/watch?v=hmUa7149BNg
smartbench_0713,https://www.youtube.com/watch?v=ACkqhm0Vxo4
smartbench_0714,https://www.youtube.com/watch?v=UoRBRkQFk94
smartbench_0715,https://www.youtube.com/watch?v=0l7gGQwx5GQ
smartbench_0716,https://www.youtube.com/watch?v=WRnhem3hsxc
smartbench_0717,https://www.youtube.com/watch?v=EeWS1Zm6spk
smartbench_0718,https://www.youtube.com/watch?v=6ZDoxL8PZfo
smartbench_0719,https://www.youtube.com/watch?v=QKC7gkj9ACg
smartbench_0720,https://www.youtube.com/watch?v=EsO9fdaNzf0
smartbench_0721,https://www.youtube.com/watch?v=Vakpj9AkG0E
smartbench_0722,https://www.youtube.com/watch?v=zFGaHRbE-Qg
smartbench_0723,https://www.youtube.com/watch?v=5mjyPyhHa8Y
smartbench_0724,https://www.youtube.com/watch?v=fyXToUoYJBk
smartbench_0725,https://www.youtube.com/watch?v=ztOdu1U8sDQ
smartbench_0726,https://www.youtube.com/watch?v=v7BVzYdY-ow
smartbench_0727,https://www.youtube.com/watch?v=OcjYFH6cf30
smartbench_0728,https://www.youtube.com/watch?v=OF4gSieU0T4
smartbench_0729,https://www.youtube.com/watch?v=KJOOsuQ09VY
smartbench_0730,https://www.youtube.com/watch?v=zee996uYYRk
smartbench_0731,https://www.youtube.com/watch?v=aVnTZzNPVxA
smartbench_0732,https://www.youtube.com/watch?v=rdQUsg8ti1M
smartbench_0733,https://www.youtube.com/watch?v=fMz2GS4ipJw
smartbench_0734,https://www.youtube.com/watch?v=-82STtPbfEc
smartbench_0735,https://www.youtube.com/watch?v=fFBt_G5OZ6w
smartbench_0736,https://www.youtube.com/watch?v=bQ5CpQK2JQw
smartbench_0737,https://www.youtube.com/watch?v=w8-oEh-XKPQ
smartbench_0738,https://www.youtube.com/watch?v=KgcNoSEfZ5E
smartbench_0739,https://www.youtube.com/watch?v=AlCikQJeXD0
smartbench_0740,https://www.youtube.com/watch?v=_QewO3GpM8k
smartbench_0741,https://www.youtube.com/watch?v=cYKSLuAiZYA
smartbench_0742,https://www.youtube.com/watch?v=iBimHX9JRiw
smartbench_0743,https://www.youtube.com/watch?v=HTI9cDpbBpI
smartbench_0744,https://www.youtube.com/watch?v=-AeM-CSPIWI
smartbench_0745,https://www.youtube.com/watch?v=8KQGfuK1fok
smartbench_0746,https://www.youtube.com/watch?v=ujyyNB-nS48
smartbench_0747,https://www.youtube.com/watch?v=NxN-rVk7J-E
smartbench_0748,https://www.youtube.com/watch?v=ckDl2VUeWnM
smartbench_0749,https://www.youtube.com/watch?v=S6ht49eXIjI
smartbench_0750,https://www.youtube.com/watch?v=QApyZveP2C0
smartbench_0751,https://www.youtube.com/watch?v=TQ1s1m2HmjY
smartbench_0752,https://www.youtube.com/watch?v=PmYvFGKyxP0
smartbench_0753,https://www.youtube.com/watch?v=-Uy6H4BdhRk
smartbench_0754,https://www.youtube.com/watch?v=U2_p6SroICE
smartbench_0755,https://www.youtube.com/watch?v=EHSZ2AfpIwI
smartbench_0756,https://www.youtube.com/watch?v=4s0bZP4Otl0
smartbench_0757,https://www.youtube.com/watch?v=fC69rE1-ybc
smartbench_0758,https://www.youtube.com/watch?v=UUlyJkcPVHc
smartbench_0759,https://www.youtube.com/watch?v=pz3gT5kNSSg
smartbench_0760,https://www.youtube.com/watch?v=pwu3gEGMjX4
smartbench_0761,https://www.youtube.com/watch?v=0dVHTn7AK2Y
smartbench_0762,https://www.youtube.com/watch?v=WudvP4qvBd0
smartbench_0763,https://www.youtube.com/watch?v=RIVCYxFn6FY
smartbench_0764,https://www.youtube.com/watch?v=SuesDidWJHw
smartbench_0765,https://www.youtube.com/watch?v=cY3vwNJGh58
smartbench_0766,https://www.youtube.com/watch?v=OfRrIjPGdx0
smartbench_0767,https://www.youtube.com/watch?v=ul3GKqxyqb4
smartbench_0768,https://www.youtube.com/watch?v=2VqsfjTbl2g
smartbench_0769,https://www.youtube.com/watch?v=HgXO_fzdC7g
smartbench_0770,https://www.youtube.com/watch?v=sp8ysJsOjes
smartbench_0771,https://www.youtube.com/watch?v=hoXiJTc1TMU
smartbench_0772,https://www.youtube.com/watch?v=3oph1gwuwLo
smartbench_0773,https://www.youtube.com/watch?v=MfPtTgi7SCk
smartbench_0774,https://www.youtube.com/watch?v=0tszT_CBf1Q
smartbench_0775,https://www.youtube.com/watch?v=v7XRB97y6As
smartbench_0776,https://www.youtube.com/watch?v=9MHsoU5tOdk
smartbench_0777,https://www.youtube.com/watch?v=dvNaMT3k1DA
smartbench_0778,https://www.youtube.com/watch?v=VkD8W0L6DR8
smartbench_0779,https://www.youtube.com/watch?v=azo7XPK_Mq0
smartbench_0780,https://www.youtube.com/watch?v=97cwlouZ0X8
smartbench_0781,https://www.youtube.com/watch?v=UQYWjhrXxZY
smartbench_0782,https://www.youtube.com/watch?v=pS8bUXfXjZY
smartbench_0783,https://www.youtube.com/watch?v=gNB3qVGWh7w
smartbench_0784,https://www.youtube.com/watch?v=qdOONBiY3Mw
smartbench_0785,https://www.youtube.com/watch?v=sWiYaS4bkbE
smartbench_0786,https://www.youtube.com/watch?v=ns0hdVb0Oso
smartbench_0787,https://www.youtube.com/watch?v=fggCs6BPoGA
smartbench_0788,https://www.youtube.com/watch?v=Lr4P97L-t3I
smartbench_0789,https://www.youtube.com/watch?v=GlYL0tGASKs
smartbench_0790,https://www.youtube.com/watch?v=aYCJ6Ct5gh4
smartbench_0791,https://www.youtube.com/watch?v=ubYeihZy_HM
smartbench_0792,https://www.youtube.com/watch?v=-tEFNhc9iXM
smartbench_0793,https://www.youtube.com/watch?v=ePWb1LGBLI0
smartbench_0794,https://www.youtube.com/watch?v=OFSWXeqPnrs
smartbench_0795,https://www.youtube.com/watch?v=4ha-qQkPNz4
smartbench_0796,https://www.youtube.com/watch?v=2nBcA_2s98Q
smartbench_0797,https://www.youtube.com/watch?v=goCvbfhVtlc
smartbench_0798,https://www.youtube.com/watch?v=6jPEFhSJWsI
smartbench_0799,https://www.youtube.com/watch?v=4iaASkhwKdQ
smartbench_0800,https://www.youtube.com/watch?v=AihQQn02Hho
smartbench_0801,https://www.youtube.com/watch?v=F84jd4F8WSI
smartbench_0802,https://www.youtube.com/watch?v=OCoFsjeOgeM
smartbench_0803,https://www.youtube.com/watch?v=ibGjbV4Fzhg
smartbench_0804,https://www.youtube.com/watch?v=O4hAxRNrRTM
smartbench_0805,https://www.youtube.com/watch?v=nStOv-Z6vYE
smartbench_0806,https://www.youtube.com/watch?v=QPFZeQlm-FM
smartbench_0807,https://www.youtube.com/watch?v=vpAiXapDULE
smartbench_0808,https://www.youtube.com/watch?v=Na32g2QhDT4
smartbench_0809,https://www.youtube.com/watch?v=XVFwRwtirm8
smartbench_0810,https://www.youtube.com/watch?v=lfS9C6e0OKs
smartbench_0811,https://www.youtube.com/watch?v=JRbtulz6r44
smartbench_0812,https://www.youtube.com/watch?v=4Wi_tNbGzqo
smartbench_0813,https://www.youtube.com/watch?v=voHVUCjHeXU
smartbench_0814,https://www.youtube.com/watch?v=tlW-RGHWBho
smartbench_0815,https://www.youtube.com/watch?v=ZzlGwdTcafg
smartbench_0816,https://www.youtube.com/watch?v=aZjRfzSKCeU
smartbench_0817,https://www.youtube.com/watch?v=Az7j9NIbUT8
smartbench_0818,https://www.youtube.com/watch?v=lnbfBRSLUDw
smartbench_0819,https://www.youtube.com/watch?v=O7ALZsaVj7o
smartbench_0820,https://www.youtube.com/watch?v=pofiSw49R1E
smartbench_0821,https://www.youtube.com/watch?v=gEl3XFJQOg8
smartbench_0822,https://www.youtube.com/watch?v=9heHD6RTmpA
smartbench_0823,https://www.youtube.com/watch?v=IiJhS7XZkfI
smartbench_0824,https://www.youtube.com/watch?v=EjGqL4rltuw
smartbench_0825,https://www.youtube.com/watch?v=5W9j1HA3yBs
smartbench_0826,https://www.youtube.com/watch?v=Jm_pZ9G2rvw
smartbench_0827,https://www.youtube.com/watch?v=IuBYrA27OVI
smartbench_0828,https://www.youtube.com/watch?v=7d2ajNkDkXM
smartbench_0829,https://www.youtube.com/watch?v=K9bL7YuD5F4
smartbench_0830,https://www.youtube.com/watch?v=ftI8o884_mk
smartbench_0831,https://www.youtube.com/watch?v=lZt4LliMwr0
smartbench_0832,https://www.youtube.com/watch?v=i8MKBeT10d8
smartbench_0833,https://www.youtube.com/watch?v=LnS836TIknE
smartbench_0834,https://www.youtube.com/watch?v=ZZGqRyv6Gu4
smartbench_0835,https://www.youtube.com/watch?v=xHHRMxmKYKg
smartbench_0836,https://www.youtube.com/watch?v=lYuxNRDN8kE
smartbench_0837,https://www.youtube.com/watch?v=QuILumAw_lU
smartbench_0838,https://www.youtube.com/watch?v=tlrETWyidH8
smartbench_0839,https://www.youtube.com/watch?v=Z1HwlJtLvjY
smartbench_0840,https://www.youtube.com/watch?v=miRKZwhIA70
smartbench_0841,https://www.youtube.com/watch?v=O_qJFsKEFmQ
smartbench_0842,https://www.youtube.com/watch?v=tvzJ_U6V1Do
smartbench_0843,https://www.youtube.com/watch?v=Ctvs3BzOO-A
smartbench_0844,https://www.youtube.com/watch?v=INbHHtmF4X8
smartbench_0845,https://www.youtube.com/watch?v=PfTJ8vYAEJQ
smartbench_0846,https://www.youtube.com/watch?v=pueXCdwK9iA
smartbench_0847,https://www.youtube.com/watch?v=Q6_GzjxxjBs
smartbench_0848,https://www.youtube.com/watch?v=tqaOXccxPlQ
smartbench_0849,https://www.youtube.com/watch?v=em6VTiEv4WM
smartbench_0850,https://www.youtube.com/watch?v=mMexiIDpb2o
smartbench_0851,https://www.youtube.com/watch?v=YBn0EXGkhE4
smartbench_0852,https://www.youtube.com/watch?v=eqYZQ37YkiM
smartbench_0853,https://www.youtube.com/watch?v=G4BIbjMeJlQ
smartbench_0854,https://www.youtube.com/watch?v=F6IyQD0Kfzk
smartbench_0855,https://www.youtube.com/watch?v=MJnjaVfSzE0
smartbench_0856,https://www.youtube.com/watch?v=RTQA8pWy5VU
smartbench_0857,https://www.youtube.com/watch?v=xrjLSYwsK2U
smartbench_0858,https://www.youtube.com/watch?v=Oh7KiyeZNSY
smartbench_0859,https://www.youtube.com/watch?v=0mUtBs2aziw
smartbench_0860,https://www.youtube.com/watch?v=EEOrBC95eyk
smartbench_0861,https://www.youtube.com/watch?v=FNnXpVB4HO4
smartbench_0862,https://www.youtube.com/watch?v=A814NZz_4KA
smartbench_0863,https://www.youtube.com/watch?v=GLS_m_hrOhk
smartbench_0864,https://www.youtube.com/watch?v=gDQF4qXxwGc
smartbench_0865,https://www.youtube.com/watch?v=mWVUZhvE910
smartbench_0866,https://www.youtube.com/watch?v=YTfl03r54Q4
smartbench_0867,https://www.youtube.com/watch?v=bHLZ0wKQ0xk
smartbench_0868,https://www.youtube.com/watch?v=1bpJR9CTzrk
smartbench_0869,https://www.youtube.com/watch?v=Fp2R1xXU_mM
smartbench_0870,https://www.youtube.com/watch?v=n3U7zzH77ho
smartbench_0871,https://www.youtube.com/watch?v=Gqpux7CNemA
smartbench_0872,https://www.youtube.com/watch?v=XRk-PZbNVUE
smartbench_0873,https://www.youtube.com/watch?v=LloEiFc9tjk
smartbench_0874,https://www.youtube.com/watch?v=oahI6GxAbio
smartbench_0875,https://www.youtube.com/watch?v=M4gVF-qTxho
smartbench_0876,https://www.youtube.com/watch?v=isRi6T84k0Y
smartbench_0877,https://www.youtube.com/watch?v=X5sIOHuLyAw
smartbench_0878,https://www.youtube.com/watch?v=lC4xa8NPwAs
smartbench_0879,https://www.youtube.com/watch?v=sw_Rm0kXUhE
smartbench_0880,https://www.youtube.com/watch?v=v5aU-eSFzK4
smartbench_0881,https://www.youtube.com/watch?v=mGRBPDUlV2I
smartbench_0882,https://www.youtube.com/watch?v=8aXF-3dNePU
smartbench_0883,https://www.youtube.com/watch?v=-e1faplJkvU
smartbench_0884,https://www.youtube.com/watch?v=_cZsDG1WtS0
smartbench_0885,https://www.youtube.com/watch?v=R-GeEYQC5LU
smartbench_0886,https://www.youtube.com/watch?v=ziCVflTDR-0
smartbench_0887,https://www.youtube.com/watch?v=Ea3XTRCQUkU
smartbench_0888,https://www.youtube.com/watch?v=R9Ipvbyalnc
smartbench_0889,https://www.youtube.com/watch?v=21g_uv9KvmM
smartbench_0890,https://www.youtube.com/watch?v=XMl2GhI6lC8
smartbench_0891,https://www.youtube.com/watch?v=N-aiMt6SLxE
smartbench_0892,https://www.youtube.com/watch?v=i1p68G9SC48
smartbench_0893,https://www.youtube.com/watch?v=PjrsYvkyigo
smartbench_0894,https://www.youtube.com/watch?v=46_yOHwLahM
smartbench_0895,https://www.youtube.com/watch?v=nxy4RQ6hpwg
smartbench_0896,https://www.youtube.com/watch?v=03ESLVy_fc8
smartbench_0897,https://www.youtube.com/watch?v=RYld7z0z4Do
smartbench_0898,https://www.youtube.com/watch?v=hbWSHd1vi4M
smartbench_0899,https://www.youtube.com/watch?v=SMp2v2W_vh0
smartbench_0900,https://www.youtube.com/watch?v=Au0GiVYpUv0
smartbench_0901,https://www.youtube.com/watch?v=JHxlCjSsIp0
smartbench_0902,https://www.youtube.com/watch?v=HM5eMuBcssw
smartbench_0903,https://www.youtube.com/watch?v=3JRSauWwOWk
smartbench_0904,https://www.youtube.com/watch?v=rLwMRFmmFTc
smartbench_0905,https://www.youtube.com/watch?v=5apQDfgjSRg
smartbench_0906,https://www.youtube.com/watch?v=AcU319HkakQ
smartbench_0907,https://www.youtube.com/watch?v=RM8AxCNwzcQ
smartbench_0908,https://www.youtube.com/watch?v=kXd2XZlFPJk
smartbench_0909,https://www.youtube.com/watch?v=oveCfopXbFo
smartbench_0910,https://www.youtube.com/watch?v=GfJxLvqBVAk
smartbench_0911,https://www.youtube.com/watch?v=rx0xf_ifIw4
smartbench_0912,https://www.youtube.com/watch?v=sWYhrQ7kO1Y
smartbench_0913,https://www.youtube.com/watch?v=ysGOcCu7bNA
smartbench_0914,https://www.youtube.com/watch?v=D9K3Cy498SU
smartbench_0915,https://www.youtube.com/watch?v=eBRgMn4TdKc
smartbench_0916,https://www.youtube.com/watch?v=790NJJNBCkQ
smartbench_0917,https://www.youtube.com/watch?v=z_BF_do_z44
smartbench_0918,https://www.youtube.com/watch?v=bXapGUJrrwY
smartbench_0919,https://www.youtube.com/watch?v=vS55Kxp-rZQ
smartbench_0920,https://www.youtube.com/watch?v=21ZVa3hB804
smartbench_0921,https://www.youtube.com/watch?v=v6y84mtvCbk
smartbench_0922,https://www.youtube.com/watch?v=sAVD_XyXDuo
smartbench_0923,https://www.youtube.com/shorts/Zd3ptilDP7w
smartbench_0924,https://www.youtube.com/shorts/iuC6qjtebo0
smartbench_0925,https://www.youtube.com/shorts/ar35IxXj15A
smartbench_0926,https://www.youtube.com/shorts/tkpksL4JJUw
smartbench_0927,https://www.youtube.com/shorts/aIZ5fFCubsw
smartbench_0928,https://www.youtube.com/shorts/VpwQ_HI532s
smartbench_0929,https://www.youtube.com/shorts/4UqhDewGCaI
smartbench_0930,https://www.youtube.com/shorts/8V020TmUbOc
smartbench_0931,https://www.youtube.com/shorts/GLJvpdrYtNw
smartbench_0932,https://www.youtube.com/shorts/_i83RgSNyUI
smartbench_0933,https://www.youtube.com/shorts/-vf9JWXqkr8
smartbench_0934,https://www.youtube.com/shorts/0i9RBonRSiM
smartbench_0935,https://www.youtube.com/shorts/iOm-LMPCRU8
smartbench_0936,https://www.youtube.com/shorts/G6jUprbgHig
smartbench_0937,https://www.youtube.com/shorts/-tPV_KcrNWo
smartbench_0938,https://www.youtube.com/shorts/lSwT1YDhgx4
smartbench_0939,https://www.youtube.com/shorts/qNWZwROhmFk
smartbench_0940,https://www.youtube.com/shorts/tA3itDfj9mw
smartbench_0941,https://www.youtube.com/shorts/g1nr2nkD_Kk
smartbench_0942,https://www.youtube.com/shorts/2025wKIkaYk
smartbench_0943,https://www.youtube.com/shorts/r_-KNMqrOlo
smartbench_0944,https://www.youtube.com/shorts/0f7Am98_eDk
smartbench_0945,https://www.youtube.com/shorts/xZunwAzErkU
smartbench_0946,https://www.youtube.com/shorts/wAga3vyyMqg
smartbench_0947,https://www.youtube.com/shorts/FeYmlVqWEW8
smartbench_0948,https://www.youtube.com/shorts/qYw4KkRbY7Q
smartbench_0949,https://www.youtube.com/shorts/B8Wn_iyEDLQ
smartbench_0950,https://www.youtube.com/shorts/G8tcZgxkMM0
smartbench_0951,https://www.youtube.com/shorts/yFIK4JWzy64
smartbench_0952,https://www.youtube.com/shorts/lyLUFFqvsyo
smartbench_0953,https://www.youtube.com/watch?v=Bc4VSLPEbG0
smartbench_0954,https://www.youtube.com/watch?v=hTBVam0COL0
smartbench_0955,https://www.youtube.com/watch?v=t1_4iLvkQOo
smartbench_0956,https://www.youtube.com/watch?v=XOJuntCbijo
smartbench_0957,https://www.youtube.com/watch?v=qJyniAYtUIc
smartbench_0958,https://www.youtube.com/watch?v=HBhX0iYJXp0
smartbench_0959,https://www.youtube.com/watch?v=_IFPB5Z9HBI
smartbench_0960,https://www.youtube.com/watch?v=_h0N8aXkt68
smartbench_0961,https://www.youtube.com/watch?v=EhfMO5qePgM
smartbench_0962,https://www.youtube.com/watch?v=7gSYic4_JBA
smartbench_0963,https://www.youtube.com/watch?v=GrO-0uUQ8vA
smartbench_0964,https://www.youtube.com/watch?v=D5jVBV9pC8E
smartbench_0965,https://www.youtube.com/watch?v=H1bjA7jJC4Q
smartbench_0966,https://www.youtube.com/watch?v=4latwaqqfCc
smartbench_0967,https://www.youtube.com/watch?v=8f4Y6p08Q4E
smartbench_0968,https://www.youtube.com/watch?v=TQZWHy8lXPM
smartbench_0969,https://www.youtube.com/watch?v=FjKL1vHyUms
smartbench_0970,https://www.youtube.com/watch?v=L7f52GppO7I
smartbench_0971,https://www.youtube.com/watch?v=D59d7IwumxI
smartbench_0972,https://www.youtube.com/watch?v=AP4cdXUfwPg
smartbench_0973,https://www.youtube.com/watch?v=k9aCV5CnOaA
smartbench_0974,https://www.youtube.com/watch?v=geTFN4VMXM8
smartbench_0975,https://www.youtube.com/watch?v=9nnHjGYJ6T8
smartbench_0976,https://www.youtube.com/watch?v=r_W503WzfKs
smartbench_0977,https://www.youtube.com/watch?v=hktYwVEGtbw
smartbench_0978,https://www.youtube.com/watch?v=_jtIV2MnymU
smartbench_0979,https://www.youtube.com/watch?v=i1E04UurjUk
smartbench_0980,https://www.youtube.com/watch?v=1p0CQP-SDY8
smartbench_0981,https://www.youtube.com/watch?v=cAoFiSx6ZhY
smartbench_0982,https://www.youtube.com/watch?v=J374SSyto3k
smartbench_0983,https://www.youtube.com/watch?v=gTt5XatfDpc
smartbench_0984,https://www.youtube.com/watch?v=5vv2RgVUkPM
smartbench_0985,https://www.youtube.com/watch?v=4NDVx4e5u3A
smartbench_0986,https://www.youtube.com/watch?v=yxlr-C3jB6w
smartbench_0987,https://www.youtube.com/watch?v=OuW_SPU9yjk
smartbench_0988,https://www.youtube.com/watch?v=U7snBr2WtdI
smartbench_0989,https://www.youtube.com/watch?v=_FrKk0g0Sdc
smartbench_0990,https://www.youtube.com/watch?v=YJIoiLzmfjI
smartbench_0991,https://www.youtube.com/watch?v=9jiDRTlaZRk
smartbench_0992,https://www.youtube.com/watch?v=6xZVT_HphuM
smartbench_0993,https://www.youtube.com/watch?v=8KlGbVxoOc4
smartbench_0994,https://www.youtube.com/watch?v=9UrjmsFed0A
smartbench_0995,https://www.youtube.com/watch?v=rMipb221TZ8
smartbench_0996,https://www.youtube.com/watch?v=-tV-2TYPIDE
smartbench_0997,https://www.youtube.com/watch?v=iMdcjne5trE
smartbench_0998,https://www.youtube.com/watch?v=NKehvorgTok
smartbench_0999,https://www.youtube.com/watch?v=PuAW5sdnDAY
smartbench_1000,https://www.youtube.com/watch?v=R8-GTUtLMEY
smartbench_1001,https://www.youtube.com/watch?v=tL0UX-NqijE
smartbench_1002,https://www.youtube.com/watch?v=3-dvsT8pqbQ
smartbench_1003,https://www.youtube.com/watch?v=TqY4Iy_69Ec
smartbench_1004,https://www.youtube.com/watch?v=0YOTHZjj6vA
smartbench_1005,https://www.youtube.com/watch?v=mSC9DnQRExk
smartbench_1006,https://www.youtube.com/watch?v=WdlIKy2lJ_g
smartbench_1007,https://www.youtube.com/watch?v=k-e3cprxUzA
smartbench_1008,https://www.youtube.com/watch?v=wCehkLbs2q4&t=6s
smartbench_1009,https://www.youtube.com/watch?v=IgfcICTqzUo
smartbench_1010,https://www.youtube.com/watch?v=YOaEzpyUt4o
smartbench_1011,https://www.youtube.com/watch?v=NkC7yvd0qHU
smartbench_1012,https://www.youtube.com/watch?v=o_RzQo8ci-Q
smartbench_1013,https://www.youtube.com/shorts/HbKd881dcy8
smartbench_1014,https://www.youtube.com/shorts/kHsRbQW7_ac
smartbench_1015,https://www.youtube.com/watch?v=PSouFxTaIf8
smartbench_1016,https://www.youtube.com/shorts/Q2sa-BnIc34
smartbench_1017,https://www.youtube.com/watch?v=AFhO02hSmuA
smartbench_1018,https://www.youtube.com/shorts/XQW40PP19Bg
smartbench_1019,https://www.youtube.com/shorts/hmmnaf5mUyI
smartbench_1020,https://www.youtube.com/watch?v=8aPMaaGPmr8
smartbench_1021,https://www.youtube.com/watch?v=cys3z79vdXk&ab_channel=CatersClips
smartbench_1022,https://www.youtube.com/shorts/l3qobJDgNUQ
smartbench_1023,https://www.youtube.com/watch?v=qRHsTrrNLto&ab_channel=Newsflare 
smartbench_1024,privacy url
smartbench_1025,privacy url
smartbench_1026,privacy url
smartbench_1027,privacy url
smartbench_1028,privacy url
smartbench_1029,privacy url
smartbench_1030,privacy url
smartbench_1031,privacy url
smartbench_1032,privacy url
smartbench_1033,privacy url
smartbench_1034,privacy url
smartbench_1035,privacy url
smartbench_1036,privacy url
smartbench_1037,privacy url
smartbench_1038,privacy url
smartbench_1039,privacy url
smartbench_1040,privacy url
smartbench_1041,privacy url
smartbench_1042,privacy url
smartbench_1043,privacy url
smartbench_1044,privacy url
smartbench_1045,privacy url
smartbench_1046,privacy url
smartbench_1047,privacy url
smartbench_1048,privacy url
smartbench_1049,privacy url
smartbench_1050,privacy url
smartbench_1051,privacy url
smartbench_1052,privacy url
smartbench_1053,privacy url
smartbench_1054,privacy url
smartbench_1055,privacy url
smartbench_1056,privacy url
smartbench_1057,privacy url
smartbench_1058,privacy url
smartbench_1059,privacy url
smartbench_1060,privacy url
smartbench_1061,privacy url
smartbench_1062,privacy url
smartbench_1063,privacy url
smartbench_1064,privacy url
smartbench_1065,privacy url
smartbench_1066,privacy url
smartbench_1067,privacy url
smartbench_1068,privacy url
smartbench_1069,privacy url
smartbench_1070,privacy url
smartbench_1071,privacy url
smartbench_1072,privacy url
smartbench_1073,privacy url
smartbench_1074,privacy url
smartbench_1075,privacy url
smartbench_1076,privacy url
smartbench_1077,privacy url
smartbench_1078,privacy url
smartbench_1079,privacy url
smartbench_1080,privacy url
smartbench_1081,privacy url
smartbench_1082,privacy url
smartbench_1083,privacy url
smartbench_1084,privacy url
smartbench_1085,privacy url
smartbench_1086,privacy url
smartbench_1087,privacy url
smartbench_1088,privacy url
smartbench_1089,privacy url
smartbench_1090,privacy url
smartbench_1091,privacy url
smartbench_1092,privacy url
smartbench_1093,privacy url
smartbench_1094,privacy url
smartbench_1095,privacy url
smartbench_1096,privacy url
smartbench_1097,privacy url
smartbench_1098,privacy url
smartbench_1099,privacy url
smartbench_1100,privacy url
smartbench_1101,privacy url
smartbench_1102,privacy url
smartbench_1103,privacy url
smartbench_1104,privacy url
smartbench_1105,privacy url
smartbench_1106,privacy url
smartbench_1107,privacy url
smartbench_1108,privacy url
smartbench_1109,privacy url
smartbench_1110,privacy url
smartbench_1111,privacy url
smartbench_1112,privacy url
smartbench_1113,privacy url
smartbench_1114,privacy url
smartbench_1115,privacy url
smartbench_1116,privacy url
smartbench_1117,privacy url
smartbench_1118,privacy url
smartbench_1119,privacy url
smartbench_1120,privacy url
smartbench_1121,privacy url
smartbench_1122,privacy url
smartbench_1123,privacy url
smartbench_1124,privacy url
smartbench_1125,privacy url
smartbench_1126,privacy url
smartbench_1127,privacy url
smartbench_1128,privacy url
smartbench_1129,privacy url
smartbench_1130,privacy url
smartbench_1131,privacy url
smartbench_1132,privacy url
smartbench_1133,privacy url
smartbench_1134,privacy url
smartbench_1135,privacy url
smartbench_1136,privacy url
smartbench_1137,privacy url
smartbench_1138,privacy url
smartbench_1139,privacy url
smartbench_1140,privacy url
smartbench_1141,privacy url
smartbench_1142,privacy url
smartbench_1143,privacy url
smartbench_1144,privacy url
smartbench_1145,privacy url
smartbench_1146,privacy url
smartbench_1147,privacy url
smartbench_1148,privacy url
smartbench_1149,privacy url
smartbench_1150,privacy url
smartbench_1151,privacy url
smartbench_1152,privacy url
smartbench_1153,privacy url
smartbench_1154,privacy url
smartbench_1155,privacy url
smartbench_1156,privacy url
smartbench_1157,privacy url
smartbench_1158,privacy url
smartbench_1159,privacy url
smartbench_1160,privacy url
smartbench_1161,privacy url
smartbench_1162,privacy url
smartbench_1163,privacy url
smartbench_1164,privacy url
smartbench_1165,privacy url
smartbench_1166,privacy url
smartbench_1167,privacy url
smartbench_1168,privacy url
smartbench_1169,privacy url
smartbench_1170,privacy url
smartbench_1171,privacy url
smartbench_1172,privacy url
smartbench_1173,privacy url
smartbench_1174,privacy url
smartbench_1175,privacy url
smartbench_1176,privacy url
smartbench_1177,privacy url
smartbench_1178,privacy url
smartbench_1179,privacy url
smartbench_1180,privacy url
smartbench_1181,privacy url
smartbench_1182,privacy url
smartbench_1183,privacy url
smartbench_1184,privacy url
smartbench_1185,privacy url
smartbench_1186,privacy url
smartbench_1187,privacy url
smartbench_1188,privacy url
smartbench_1189,privacy url
smartbench_1190,privacy url
smartbench_1191,privacy url
smartbench_1192,privacy url
smartbench_1193,privacy url
smartbench_1194,privacy url
smartbench_1195,privacy url
smartbench_1196,privacy url
smartbench_1197,privacy url
smartbench_1198,privacy url
smartbench_1199,privacy url
smartbench_1200,privacy url
smartbench_1201,privacy url
smartbench_1202,privacy url
smartbench_1203,privacy url